Workbook

Sheet 询盘CRM
A1: ═══ 询盘成交漏斗跟踪（自动算进度+逾期提醒）═══
A2: RFQ编号 | B2: 询盘日期 | C2: 客户公司 | D2: 国家 | E2: 类型 | F2: 产品线 | G2: 需求摘要 | H2: 报价(USD) | I2: 当前阶段 | J2: 阶段进度(自动) | K2: 上次跟进日期 | L2: 下次跟进日期 | M2: 逾期提醒(自动) | N2: 成交金额(USD) | O2: 跟进记录
A3: CRM-001 | B3: 2026-07-01 | C3: ABC Trading | D3: United States | E3: Importer | F3: Sintered Stone | G3: Pandora 9mm 500m² | H3: 25000 | I3: 报价中 | J3: ==IF($I3="","",IFS($I3="询盘",10%,$I3="报价中",30%,$I3="样品中",50%,$I3="谈判中",75%,$I3="已成交",100%,$I3="已流失",0%)) | K3: 2026-07-02 | L3: 2026-07-05 | M3: ==IF($A3="","",IF($L3="","",IF($L3<TODAY(),"🔴 已逾期"&(TODAY()-$L3)&"天",IF($L3=TODAY(),"🟡 今天要跟","🟢 还剩"&($L3-TODAY())&"天")))) | O3: 已报FOB价，等客户反馈
A4: CRM-002 | B4: 2026-07-02 | C4: HD Hotel | D4: UAE | E4: Contractor | F4: Flexible Stone | G4: 外墙翻新 2000m² | H4: 80000 | I4: 样品中 | J4: ==IF($I4="","",IFS($I4="询盘",10%,$I4="报价中",30%,$I4="样品中",50%,$I4="谈判中",75%,$I4="已成交",100%,$I4="已流失",0%)) | K4: 2026-07-03 | L4: 2026-07-06 | M4: ==IF($A4="","",IF($L4="","",IF($L4<TODAY(),"🔴 已逾期"&(TODAY()-$L4)&"天",IF($L4=TODAY(),"🟡 今天要跟","🟢 还剩"&($L4-TODAY())&"天")))) | O4: 样品已寄DHL，等确认效果
A5: CRM-003 | B5: 2026-07-03 | C5: QWE Dist | D5: Germany | E5: Distributor | F5: Porcelain Slab | G5: 30款畅销花色 1柜 | H5: 35000 | I5: 已成交 | J5: ==IF($I5="","",IFS($I5="询盘",10%,$I5="报价中",30%,$I5="样品中",50%,$I5="谈判中",75%,$I5="已成交",100%,$I5="已流失",0%)) | K5: 2026-07-04 | M5: ==IF($A5="","",IF($L5="","",IF($L5<TODAY(),"🔴 已逾期"&(TODAY()-$L5)&"天",IF($L5=TODAY(),"🟡 今天要跟","🟢 还剩"&($L5-TODAY())&"天")))) | N5: 35000 | O5: 已付30%定金，生产中
J6: ==IF($I6="","",IFS($I6="询盘",10%,$I6="报价中",30%,$I6="样品中",50%,$I6="谈判中",75%,$I6="已成交",100%,$I6="已流失",0%)) | M6: ==IF($A6="","",IF($L6="","",IF($L6<TODAY(),"🔴 已逾期"&(TODAY()-$L6)&"天",IF($L6=TODAY(),"🟡 今天要跟","🟢 还剩"&($L6-TODAY())&"天"))))
J7: ==IF($I7="","",IFS($I7="询盘",10%,$I7="报价中",30%,$I7="样品中",50%,$I7="谈判中",75%,$I7="已成交",100%,$I7="已流失",0%)) | M7: ==IF($A7="","",IF($L7="","",IF($L7<TODAY(),"🔴 已逾期"&(TODAY()-$L7)&"天",IF($L7=TODAY(),"🟡 今天要跟","🟢 还剩"&($L7-TODAY())&"天"))))
J8: ==IF($I8="","",IFS($I8="询盘",10%,$I8="报价中",30%,$I8="样品中",50%,$I8="谈判中",75%,$I8="已成交",100%,$I8="已流失",0%)) | M8: ==IF($A8="","",IF($L8="","",IF($L8<TODAY(),"🔴 已逾期"&(TODAY()-$L8)&"天",IF($L8=TODAY(),"🟡 今天要跟","🟢 还剩"&($L8-TODAY())&"天"))))
J9: ==IF($I9="","",IFS($I9="询盘",10%,$I9="报价中",30%,$I9="样品中",50%,$I9="谈判中",75%,$I9="已成交",100%,$I9="已流失",0%)) | M9: ==IF($A9="","",IF($L9="","",IF($L9<TODAY(),"🔴 已逾期"&(TODAY()-$L9)&"天",IF($L9=TODAY(),"🟡 今天要跟","🟢 还剩"&($L9-TODAY())&"天"))))
J10: ==IF($I10="","",IFS($I10="询盘",10%,$I10="报价中",30%,$I10="样品中",50%,$I10="谈判中",75%,$I10="已成交",100%,$I10="已流失",0%)) | M10: ==IF($A10="","",IF($L10="","",IF($L10<TODAY(),"🔴 已逾期"&(TODAY()-$L10)&"天",IF($L10=TODAY(),"🟡 今天要跟","🟢 还剩"&($L10-TODAY())&"天"))))
J11: ==IF($I11="","",IFS($I11="询盘",10%,$I11="报价中",30%,$I11="样品中",50%,$I11="谈判中",75%,$I11="已成交",100%,$I11="已流失",0%)) | M11: ==IF($A11="","",IF($L11="","",IF($L11<TODAY(),"🔴 已逾期"&(TODAY()-$L11)&"天",IF($L11=TODAY(),"🟡 今天要跟","🟢 还剩"&($L11-TODAY())&"天"))))
J12: ==IF($I12="","",IFS($I12="询盘",10%,$I12="报价中",30%,$I12="样品中",50%,$I12="谈判中",75%,$I12="已成交",100%,$I12="已流失",0%)) | M12: ==IF($A12="","",IF($L12="","",IF($L12<TODAY(),"🔴 已逾期"&(TODAY()-$L12)&"天",IF($L12=TODAY(),"🟡 今天要跟","🟢 还剩"&($L12-TODAY())&"天"))))
J13: ==IF($I13="","",IFS($I13="询盘",10%,$I13="报价中",30%,$I13="样品中",50%,$I13="谈判中",75%,$I13="已成交",100%,$I13="已流失",0%)) | M13: ==IF($A13="","",IF($L13="","",IF($L13<TODAY(),"🔴 已逾期"&(TODAY()-$L13)&"天",IF($L13=TODAY(),"🟡 今天要跟","🟢 还剩"&($L13-TODAY())&"天"))))
J14: ==IF($I14="","",IFS($I14="询盘",10%,$I14="报价中",30%,$I14="样品中",50%,$I14="谈判中",75%,$I14="已成交",100%,$I14="已流失",0%)) | M14: ==IF($A14="","",IF($L14="","",IF($L14<TODAY(),"🔴 已逾期"&(TODAY()-$L14)&"天",IF($L14=TODAY(),"🟡 今天要跟","🟢 还剩"&($L14-TODAY())&"天"))))
J15: ==IF($I15="","",IFS($I15="询盘",10%,$I15="报价中",30%,$I15="样品中",50%,$I15="谈判中",75%,$I15="已成交",100%,$I15="已流失",0%)) | M15: ==IF($A15="","",IF($L15="","",IF($L15<TODAY(),"🔴 已逾期"&(TODAY()-$L15)&"天",IF($L15=TODAY(),"🟡 今天要跟","🟢 还剩"&($L15-TODAY())&"天"))))
J16: ==IF($I16="","",IFS($I16="询盘",10%,$I16="报价中",30%,$I16="样品中",50%,$I16="谈判中",75%,$I16="已成交",100%,$I16="已流失",0%)) | M16: ==IF($A16="","",IF($L16="","",IF($L16<TODAY(),"🔴 已逾期"&(TODAY()-$L16)&"天",IF($L16=TODAY(),"🟡 今天要跟","🟢 还剩"&($L16-TODAY())&"天"))))
J17: ==IF($I17="","",IFS($I17="询盘",10%,$I17="报价中",30%,$I17="样品中",50%,$I17="谈判中",75%,$I17="已成交",100%,$I17="已流失",0%)) | M17: ==IF($A17="","",IF($L17="","",IF($L17<TODAY(),"🔴 已逾期"&(TODAY()-$L17)&"天",IF($L17=TODAY(),"🟡 今天要跟","🟢 还剩"&($L17-TODAY())&"天"))))
... J52: ==IF($I52="","",IFS($I52="询盘",10%,$I52="报价中",30%,$I52="样品中",50%,$I52="谈判中",75%,$I52="已成交",100%,$I52="已流失",0%)) | M52: ==IF($A52="","",IF($L52="","",IF($L52<TODAY(),"🔴 已逾期"&(TODAY()-$L52)&"天",IF($L52=TODAY(),"🟡 今天要跟","🟢 还剩"&($L52-TODAY())&"天"))))

Sheet 国家分析
A1: ═══ Top 10 高意向国家（自动统计询盘CRM表）═══
A3: 排名 | B3: 国家 | C3: 询盘数 | D3: 成交数 | E3: 成交金额(USD)
A4: 1 | B4: United States | C4: ==COUNTIF(询盘CRM!$D$3:$D$52,"United States") | D4: ==COUNTIFS(询盘CRM!$D$3:$D$52,"United States",询盘CRM!$I$3:$I$52,"已成交") | E4: ==SUMIFS(询盘CRM!$N$3:$N$52,询盘CRM!$D$3:$D$52,"United States")
A5: 2 | B5: Australia | C5: ==COUNTIF(询盘CRM!$D$3:$D$52,"Australia") | D5: ==COUNTIFS(询盘CRM!$D$3:$D$52,"Australia",询盘CRM!$I$3:$I$52,"已成交") | E5: ==SUMIFS(询盘CRM!$N$3:$N$52,询盘CRM!$D$3:$D$52,"Australia")
A6: 3 | B6: Canada | C6: ==COUNTIF(询盘CRM!$D$3:$D$52,"Canada") | D6: ==COUNTIFS(询盘CRM!$D$3:$D$52,"Canada",询盘CRM!$I$3:$I$52,"已成交") | E6: ==SUMIFS(询盘CRM!$N$3:$N$52,询盘CRM!$D$3:$D$52,"Canada")
A7: 4 | B7: United Kingdom | C7: ==COUNTIF(询盘CRM!$D$3:$D$52,"United Kingdom") | D7: ==COUNTIFS(询盘CRM!$D$3:$D$52,"United Kingdom",询盘CRM!$I$3:$I$52,"已成交") | E7: ==SUMIFS(询盘CRM!$N$3:$N$52,询盘CRM!$D$3:$D$52,"United Kingdom")
A8: 5 | B8: Germany | C8: ==COUNTIF(询盘CRM!$D$3:$D$52,"Germany") | D8: ==COUNTIFS(询盘CRM!$D$3:$D$52,"Germany",询盘CRM!$I$3:$I$52,"已成交") | E8: ==SUMIFS(询盘CRM!$N$3:$N$52,询盘CRM!$D$3:$D$52,"Germany")
A9: 6 | B9: UAE | C9: ==COUNTIF(询盘CRM!$D$3:$D$52,"UAE") | D9: ==COUNTIFS(询盘CRM!$D$3:$D$52,"UAE",询盘CRM!$I$3:$I$52,"已成交") | E9: ==SUMIFS(询盘CRM!$N$3:$N$52,询盘CRM!$D$3:$D$52,"UAE")
A10: 7 | B10: Saudi Arabia | C10: ==COUNTIF(询盘CRM!$D$3:$D$52,"Saudi Arabia") | D10: ==COUNTIFS(询盘CRM!$D$3:$D$52,"Saudi Arabia",询盘CRM!$I$3:$I$52,"已成交") | E10: ==SUMIFS(询盘CRM!$N$3:$N$52,询盘CRM!$D$3:$D$52,"Saudi Arabia")
A11: 8 | B11: France | C11: ==COUNTIF(询盘CRM!$D$3:$D$52,"France") | D11: ==COUNTIFS(询盘CRM!$D$3:$D$52,"France",询盘CRM!$I$3:$I$52,"已成交") | E11: ==SUMIFS(询盘CRM!$N$3:$N$52,询盘CRM!$D$3:$D$52,"France")
A12: 9 | B12: Italy | C12: ==COUNTIF(询盘CRM!$D$3:$D$52,"Italy") | D12: ==COUNTIFS(询盘CRM!$D$3:$D$52,"Italy",询盘CRM!$I$3:$I$52,"已成交") | E12: ==SUMIFS(询盘CRM!$N$3:$N$52,询盘CRM!$D$3:$D$52,"Italy")
A13: 10 | B13: Spain | C13: ==COUNTIF(询盘CRM!$D$3:$D$52,"Spain") | D13: ==COUNTIFS(询盘CRM!$D$3:$D$52,"Spain",询盘CRM!$I$3:$I$52,"已成交") | E13: ==SUMIFS(询盘CRM!$N$3:$N$52,询盘CRM!$D$3:$D$52,"Spain")
A14: 11 | B14: Mexico | C14: ==COUNTIF(询盘CRM!$D$3:$D$52,"Mexico") | D14: ==COUNTIFS(询盘CRM!$D$3:$D$52,"Mexico",询盘CRM!$I$3:$I$52,"已成交") | E14: ==SUMIFS(询盘CRM!$N$3:$N$52,询盘CRM!$D$3:$D$52,"Mexico")
A15: 12 | B15: Other | C15: ==COUNTIF(询盘CRM!$D$3:$D$52,"Other") | D15: ==COUNTIFS(询盘CRM!$D$3:$D$52,"Other",询盘CRM!$I$3:$I$52,"已成交") | E15: ==SUMIFS(询盘CRM!$N$3:$N$52,询盘CRM!$D$3:$D$52,"Other")
A17: ═══ 使用说明 ═══
A18: 1. 先在"询盘CRM"表填询盘数据
A19: 2. 本表自动统计各国询盘数/成交数/金额
A20: 3. 排序看Top，重点市场加大投入
A21: 重点市场判断标准: 询盘>10 且 成交转化率>20%

Sheet 客户类型分析
A1: ═══ Top 客户类型分析（Importer / Contractor / Distributor / Designer）═══
A3: 客户类型 | B3: 询盘数 | C3: 占比 | D3: 成交数 | E3: 转化率
A4: Importer | B4: ==COUNTIF(询盘CRM!$E$3:$E$52,"Importer") | C4: ==IF(B4=0,0,B4/SUM($B$4:$B$9)) | D4: ==COUNTIFS(询盘CRM!$E$3:$E$52,"Importer",询盘CRM!$I$3:$I$52,"已成交") | E4: ==IF(B4=0,0,D4/B4)
A5: Contractor | B5: ==COUNTIF(询盘CRM!$E$3:$E$52,"Contractor") | C5: ==IF(B5=0,0,B5/SUM($B$4:$B$9)) | D5: ==COUNTIFS(询盘CRM!$E$3:$E$52,"Contractor",询盘CRM!$I$3:$I$52,"已成交") | E5: ==IF(B5=0,0,D5/B5)
A6: Distributor | B6: ==COUNTIF(询盘CRM!$E$3:$E$52,"Distributor") | C6: ==IF(B6=0,0,B6/SUM($B$4:$B$9)) | D6: ==COUNTIFS(询盘CRM!$E$3:$E$52,"Distributor",询盘CRM!$I$3:$I$52,"已成交") | E6: ==IF(B6=0,0,D6/B6)
A7: Designer | B7: ==COUNTIF(询盘CRM!$E$3:$E$52,"Designer") | C7: ==IF(B7=0,0,B7/SUM($B$4:$B$9)) | D7: ==COUNTIFS(询盘CRM!$E$3:$E$52,"Designer",询盘CRM!$I$3:$I$52,"已成交") | E7: ==IF(B7=0,0,D7/B7)
A8: Architect | B8: ==COUNTIF(询盘CRM!$E$3:$E$52,"Architect") | C8: ==IF(B8=0,0,B8/SUM($B$4:$B$9)) | D8: ==COUNTIFS(询盘CRM!$E$3:$E$52,"Architect",询盘CRM!$I$3:$I$52,"已成交") | E8: ==IF(B8=0,0,D8/B8)
A9: Other | B9: ==COUNTIF(询盘CRM!$E$3:$E$52,"Other") | C9: ==IF(B9=0,0,B9/SUM($B$4:$B$9)) | D9: ==COUNTIFS(询盘CRM!$E$3:$E$52,"Other",询盘CRM!$I$3:$I$52,"已成交") | E9: ==IF(B9=0,0,D9/B9)
A11: 💡 分析建议:
A12: - Importer 占比高 → 重点优化阶梯价/整柜价
A13: - Contractor 占比高 → 重点发项目案例/施工指南
A14: - Distributor 占比高 → 推区域独家代理政策
A15: - Designer 占比高 → 多发图册/案例/AI效果图

Sheet 产品线分析
A1: ═══ 4产品线询盘占比与增长（Flexible/Soft/Sintered/Porcelain）═══
A3: 产品线 | B3: 询盘数 | C3: 占比 | D3: 成交数 | E3: 成交金额 | F3: 说明
A4: Flexible Stone | B4: ==COUNTIF(询盘CRM!$F$3:$F$52,"Flexible Stone") | C4: ==IF(B4=0,0,B4/SUM($B$4:$B$7)) | D4: ==COUNTIFS(询盘CRM!$F$3:$F$52,"Flexible Stone",询盘CRM!$I$3:$I$52,"已成交") | E4: ==SUMIFS(询盘CRM!$N$3:$N$52,询盘CRM!$F$3:$F$52,"Flexible Stone") | F4: 差异化新品，翻新/外墙强卖点
A5: Soft Ceramic | B5: ==COUNTIF(询盘CRM!$F$3:$F$52,"Soft Ceramic") | C5: ==IF(B5=0,0,B5/SUM($B$4:$B$7)) | D5: ==COUNTIFS(询盘CRM!$F$3:$F$52,"Soft Ceramic",询盘CRM!$I$3:$I$52,"已成交") | E5: ==SUMIFS(询盘CRM!$N$3:$N$52,询盘CRM!$F$3:$F$52,"Soft Ceramic") | F5: 设计师/别墅客户，环保卖点
A6: Sintered Stone | B6: ==COUNTIF(询盘CRM!$F$3:$F$52,"Sintered Stone") | C6: ==IF(B6=0,0,B6/SUM($B$4:$B$7)) | D6: ==COUNTIFS(询盘CRM!$F$3:$F$52,"Sintered Stone",询盘CRM!$I$3:$I$52,"已成交") | E6: ==SUMIFS(询盘CRM!$N$3:$N$52,询盘CRM!$F$3:$F$52,"Sintered Stone") | F6: 主推产品，奢石背景墙
A7: Porcelain Slab | B7: ==COUNTIF(询盘CRM!$F$3:$F$52,"Porcelain Slab") | C7: ==IF(B7=0,0,B7/SUM($B$4:$B$7)) | D7: ==COUNTIFS(询盘CRM!$F$3:$F$52,"Porcelain Slab",询盘CRM!$I$3:$I$52,"已成交") | E7: ==SUMIFS(询盘CRM!$N$3:$N$52,询盘CRM!$F$3:$F$52,"Porcelain Slab") | F7: 走量产品，经销批发
A9: ═══ 月度趋势（手动填，看增长）═══
A10: 月份 | B10: Flexible Stone | C10: Soft Ceramic | D10: Sintered Stone | E10: Porcelain Slab | F10: 合计
A11: 2026-01 | F11: ==SUM(B11:E{r})
A12: 2026-02 | F12: ==SUM(B12:E{r})
A13: 2026-03 | F13: ==SUM(B13:E{r})
A14: 2026-04 | F14: ==SUM(B14:E{r})
A15: 2026-05 | F15: ==SUM(B15:E{r})
A16: 2026-06 | F16: ==SUM(B16:E{r})
A17: 2026-07 | F17: ==SUM(B17:E{r})
A19: 💡 增长判断:
A20: - Flexible Stone 环比增长>20% → 加大内容投入（小红书/独立站专题）
A21: - Soft Ceramic 连续3月增长 → 做专题页+样品包促销
A22: - Sintered Stone 是基本盘，保持稳定即可
A23: - Porcelain Slab 增长乏力 → 优化经销商政策或降价

Sheet 转化漏斗分析
A1: ═══ 询盘→成交 转化漏斗（找出最大流失环节）═══
A3: 漏斗阶段 | B3: 数量(自动) | C3: 占总询盘 | D3: 阶段转化率 | E3: 诊断建议
A4: 1.询盘总量 | B4: ==COUNTA(询盘CRM!$A$3:$A$52) | E4: 行业平均月询盘>50算健康
A5: 2.已报价 | B5: ==COUNTIF(询盘CRM!$I$3:$I$52,"报价中")+COUNTIF(询盘CRM!$I$3:$I$52,"样品中")+COUNTIF(询盘CRM!$I$3:$I$52,"谈判中")+COUNTIF(询盘CRM!$I$3:$I$52,"已成交") | C5: ==IF($B$4=0,0,B5/$B$4) | D5: ==IF(B4=0,0,B5/B4) | E5: 转化率<60%→欢迎语/FAQ要优化
A6: 3.已寄样品 | B6: ==COUNTIF(询盘CRM!$I$3:$I$52,"样品中")+COUNTIF(询盘CRM!$I$3:$I$52,"谈判中")+COUNTIF(询盘CRM!$I$3:$I$52,"已成交") | C6: ==IF($B$4=0,0,B6/$B$4) | D6: ==IF(B5=0,0,B6/B5) | E6: 样品转化率<30%→样品质量/选品要调
A7: 4.谈判中 | B7: ==COUNTIF(询盘CRM!$I$3:$I$52,"谈判中")+COUNTIF(询盘CRM!$I$3:$I$52,"已成交") | C7: ==IF($B$4=0,0,B7/$B$4) | D7: ==IF(B6=0,0,B7/B6) | E7: 谈判转化率<50%→价格/付款条件需调整
A8: 5.已成交 | B8: ==COUNTIF(询盘CRM!$I$3:$I$52,"已成交") | C8: ==IF($B$4=0,0,B8/$B$4) | D8: ==IF(B7=0,0,B8/B7) | E8: 行业平均3-8%为健康
A10: ═══ 转化率问题点诊断 ═══
A11: ❶ 询盘→报价 转化率低（<60%）
A12: 问题: 欢迎语没吸引力 / FAQ没答到点 / 回复太慢
A13: 对策: 优化欢迎语、加自动FAQ、24h必回（见01-询盘转化三件套）
A15: ❷ 报价→样品 转化率低（<30%）
A16: 问题: 报价后没主动推样品 / 客户对价格犹豫
A17: 对策: 报价必带"free sample"话术，主动寄
A19: ❸ 样品→谈判 转化率低（<50%）
A20: 问题: 样品寄出后没跟 / 客户拿到样品没紧迫感
A21: 对策: 样品寄出后3天必跟，催效果反馈+限量报价
A23: ❹ 谈判→成交 转化率低（<50%）
A24: 问题: 价格谈不拢 / 付款条件 / 信任不足
... A29: 对策: 用智能提问筛A类，主推Flexible Stone差异化
